name,latitude,longitude
Aberaeron,52.2431766,-4.2600153
Abercynon,51.6448956,-3.3283645
Aberdare,51.713353,-3.445555
Aberfeldy,56.6193213,-3.86509
Abergavenny,51.8213212,-3.0147935
Abergele,53.2840692,-3.5810655
Abersychan,51.7284015,-3.0595405
Aberteifi / Cardigan,52.0839973,-4.6604224
Abertillery,51.7299485,-3.1359867
Aberystwyth,52.4143113,-4.0816846
Abingdon,51.6714842,-1.2779715
Aboyne,57.0765835,-2.7791521
Accrington,53.7541156,-2.3655434
Acle,52.6392358,1.5481293
Acle,52.6372409,1.5505636
Acton,51.5081402,-0.2732607
Addlestone,51.3711414,-0.4897392
Addlestone,51.3711193,-0.4895776
Airdrie,55.8657845,-3.9795866
Alcester,52.2150202,-1.8695764
Aldeburgh,52.1523814,1.6015691
Aldershot,51.2494169,-0.7630148
Aldridge,52.6044013,-1.9174927
Alexandria,55.9878736,-4.5822088
Alford,57.2318472,-2.7016251
Alford,53.2591409,0.1777346
Alfreton,53.0972537,-1.3900241
Alloa,56.1156137,-3.7922423
Alloway,55.4316876,-4.6292172
Alness,57.6959431,-4.2541572
Alnwick,55.4133398,-1.7072354
Alsager,53.0960614,-2.3046307
Alston,54.8124898,-2.4409724
Alton,51.1489036,-0.9757677
Altrincham,53.3839662,-2.3525463
Alva,56.1530267,-3.8011222
Alyth,56.6225542,-3.2302627
Amble,55.3337748,-1.5839378
Ambleside,54.431954,-2.9630528
Amersham,51.676685,-0.607692
Amesbury,51.1726704,-1.775107
Amlwch,53.4090317,-4.342649
Ammanford,51.7926317,-3.9887731
Ampthill,52.0318886,-0.4929079
Andover,51.2078275,-1.479355
Annan,54.9881816,-3.2607383
Anstruther,56.2227638,-2.7005643
Antrim,54.715139,-6.2192038
Appleby-in-Westmorland,54.5771885,-2.4893592
Appledore,51.0523675,-4.1933362
Arbroath,56.5586729,-2.5815669
Ardrossan,55.6400504,-4.8148569
Arlesey,52.0076781,-0.2617753
Arlesey,52.0139467,-0.2622686
Armadale,55.898767,-3.7001955
Arnold,53.0052605,-1.1255532
Arundel,50.8540609,-0.5534493
Ascot,51.4101286,-0.6680194
Ashbourne,53.0173327,-1.7342725
Ashbourne CP,53.0126475,-1.7275997
Ashburton,50.5156249,-3.7563037
Ashby de la Zouch,52.7471344,-1.4712148
Ashford,51.4330238,-0.4619837
Ashford,51.1298689,0.8097549
Ashford,51.148555,0.8722566
Ashford,51.4359315,-0.4600691
Ashington,55.1832364,-1.57027
Ashton-in-Makerfield,53.4852134,-2.6417771
Ashton-under-Lyne,53.4865407,-2.098691
Askam-in-Furness,54.1887065,-3.2039446
Askern,53.6167934,-1.1531828
Aspatria,54.7641939,-3.3286236
Astley,53.5009963,-2.4496899
Atherstone,52.5772439,-1.5433954
Atherton,53.5249679,-2.4905799
Attleborough,52.5179648,1.0105931
Auchterarder,56.2963188,-3.7065827
Auchtermuchty,56.2920848,-3.2328277
Audenshaw,53.4704814,-2.1240454
Aviemore,57.1937528,-3.8287496
Axbridge,51.2871232,-2.8172812
Axminster,50.7820966,-2.9979915
Aylesbury,51.8161412,-0.8130383
Aylsham,52.7950031,1.2511895
Ayr,55.4628044,-4.6302502
Bacup,53.7024932,-2.201046
Bagillt,53.2640966,-3.1676296
Baildon,53.8526169,-1.7656781
Bakewell,53.2148429,-1.6758613
Baldock,51.9889973,-0.1882079
Balerno,55.8574692,-3.3471103
Balerno,55.8839143,-3.3387606
Ballater,57.0495064,-3.0405173
Ballingry,56.1647569,-3.325291
Balloch,56.0040003,-4.5788823
Ballycastle,55.2006882,-6.250282
Ballyclare,54.7525296,-6.0010911
Ballymena,54.8662966,-6.2760159
Ballymoney,55.0702727,-6.5172758
Ballynahinch,54.4026038,-5.8960151
Bampton,50.9908394,-3.4865109
Banbridge,54.3514168,-6.2714623
Banbury,52.0617128,-1.3361038
Banbury,52.0601807,-1.3402795
Banchory,57.0513874,-2.5044583
Banff,57.6647037,-2.5232971
Bannockburn,56.0908921,-3.9132272
Banstead,51.3228955,-0.2098561
Banstead,51.3238969,-0.1986813
Bargoed,51.6892495,-3.229545
Bargoed,51.6911236,-3.2290284
Barking,51.5389922,0.0804245
Barmouth,52.7210389,-4.0535692
Barnard Castle,54.5448091,-1.924642
Barnes,51.4737383,-0.2492849
Barnoldswick,53.9170798,-2.187322
Barnsley,53.5527719,-1.4827755
Barnstaple,51.0804057,-4.0600467
Barrhead,55.8011027,-4.3899826
Barrow-in-Furness,54.1113351,-3.2289494
Barry,51.4081255,-3.2746992
Barry,51.4065052,-3.2666925
Barton-upon-Humber,53.6858065,-0.4395216
Basildon,51.5754602,0.4757363
Basingstoke,51.262826,-1.0861976
Basingstoke,51.2606951,-1.1029523
Bathgate,55.9009224,-3.6414828
Batley,53.716564,-1.6363856
Battle,50.9173469,0.483904
Bawtry,53.4311798,-1.0207327
Beaconsfield,51.6082881,-0.6571233
Beaminster,50.8090326,-2.739159
Beauly,57.483651,-4.4598354
Beaumaris,53.262963,-4.0920538
Bebington,53.3503775,-3.005598
Beccles,52.4583779,1.5622924
Bedale,54.2882012,-1.5914458
Bedford,52.1363806,-0.4675041
Bedlington,55.1323903,-1.5980826
Bedworth,52.4792826,-1.4663202
Beeston,52.9259644,-1.2081154
Beeston,52.9257197,-1.2161887
Beith,55.7507054,-4.6327829
Bellshill,55.8189311,-4.0225794
Belper,53.0229029,-1.4817414
Benfleet,51.5649501,0.555819
Berkeley,51.6913643,-2.4585247
Berkhamsted,51.7607271,-0.5652554
Berwick-upon-Tweed,55.7692442,-2.0026472
Bethesda,53.1809093,-4.0614444
Beverley,53.8425488,-0.4315677
Bewdley,52.3754763,-2.3162408
Bexhill-on-Sea,50.8419553,0.4709063
Bexleyheath,51.4634854,0.1480552
Bicester,51.8988832,-1.1518287
Biddulph,53.1164587,-2.1730905
Bideford,51.0181448,-4.2064223
Biggar,55.6244917,-3.5215795
Biggin Hill,51.3166288,0.0327167
Biggleswade,52.0882012,-0.2589013
Billericay,51.6284395,0.4218142
Billingham,54.6072779,-1.2910885
Billingshurst,51.0229148,-0.4515772
Bilston,52.5700229,-2.0822333
Bingham,52.9515683,-0.9522445
Bingley,53.8479533,-1.8384526
Birchington,51.3738758,1.3070658
Birkenhead,53.3895177,-3.0248007
Birstall,53.7319746,-1.6602524
Birtley,54.8985648,-1.5795659
Bishop Auckland,54.6640762,-1.6752864
Bishop's Castle,52.4936325,-2.9979204
Bishop's Cleeve,51.9468176,-2.0564818
Bishop's Stortford,51.8676279,0.1631961
Bishop's Waltham,50.954948,-1.2139918
Bishopbriggs,55.9043937,-4.2248574
Bishopton,55.9101101,-4.5101425
Blackburn,53.749326,-2.4840566
Blackburn,55.8712745,-3.6227367
Blackheath,52.4756169,-2.0387525
Blackpool,53.8179442,-3.0509812
Blackwater,51.3305637,-0.77884
Blackwood,51.676647,-3.1989437
Blackwood,51.6663189,-3.1974329
Blaenau Ffestiniog,52.9957103,-3.9363166
Blaenavon,51.7728191,-3.0843833
Blaina,51.7645432,-3.1602994
Blaina,51.7629091,-3.1587625
Blairgowrie and Rattray,56.5927172,-3.3389425
Blandford Forum,50.8576197,-2.1631125
Blantyre,55.7935224,-4.0923109
Blaydon on Tyne,54.9646163,-1.7115301
Bletchley,51.9943694,-0.7325655
Bloxwich,52.6161194,-2.0030496
Blyth,55.1270903,-1.5099726
Bo'ness,56.0176867,-3.6073601
Bodmin,50.470725,-4.7243205
Bognor Regis,50.7834973,-0.6730718
Bollington,53.29348,-2.1107855
Bolsover,53.228666,-1.2912756
Bolton,53.5782863,-2.4300367
Bonhill,55.9816349,-4.5733016
Bonnybridge,56.0014357,-3.8876642
Bonnyrigg,55.8751189,-3.1059076
Bootle,53.4506931,-2.9948834
Bordon,51.1091184,-0.8593356
Bordon,51.1142566,-0.8642591
Borehamwood,51.6555295,-0.2764051
Boroughbridge,54.0943398,-1.3947113
Borth,52.4880991,-4.0508057
Boston,52.9788476,-0.0284351
Boston,52.9776561,-0.0237985
Bothwell,55.8026551,-4.0676955
Bourne,52.7682345,-0.3771579
Bournemouth,50.7201514,-1.8799118
Bovey Tracey,50.5924367,-3.6761482
Bowmore,55.7568996,-6.2883825
Bowmore,55.7562152,-6.2820333
Bowness on Windermere,54.3647264,-2.9195522
Bracebridge,53.2020505,-0.555231
Brackley,52.0278975,-1.1484657
Bracknell,51.4143513,-0.7449925
Bradford on Avon,51.346715,-2.2504329
Brading,50.6812083,-1.1422319
Bradley Stoke,51.5375044,-2.5460088
Bradninch,50.8264662,-3.4237023
Braes Villages,55.9484754,-3.7651177
Braintree,51.8780637,0.5537161
Bramhall,53.3686407,-2.1593962
Brampton,54.9422402,-2.7344533
Brandon,52.4482313,0.6240803
Brechin,56.7315193,-2.6600193
Brecon,51.9472048,-3.391696
Brentford,51.4863958,-0.3216623
Brentwood,51.6201654,0.3018662
Bridge of Allan,56.1550362,-3.9480672
Bridge of Earn,56.3490571,-3.4064791
Bridgend,51.5049859,-3.5756674
Bridgnorth,52.5345626,-2.4194132
Bridgwater,51.1283378,-3.0037046
Bridlington,54.0871383,-0.1964511
Bridport,50.733785,-2.7589005
Brierfield,53.8252949,-2.2330174
Brierley Hill,52.4823185,-2.1237803
Brigg,53.5525329,-0.4896411
Brighouse,53.7028049,-1.7800944
Brightlingsea,51.81094,1.0253239
Briton Ferry,51.6360419,-3.8216718
Brixham,50.3952404,-3.514544
Broadstairs,51.3586758,1.4407855
Bromborough,53.3333672,-2.9774612
Bromley,51.4028046,0.0148142
Bromsgrove,52.3353816,-2.0597449
Bromsgrove,52.3387573,-2.0530355
Bromyard,52.1884704,-2.5107318
Broseley,52.6133558,-2.4827324
Broughton,53.565614,-0.5539235
Broughton in Furness,54.2776901,-3.2113968
Brownhills,52.6421956,-1.927161
Broxbourne,51.7465723,-0.0190782
Broxburn,55.9343917,-3.4693866
Bruton,51.1121638,-2.453328
Brynaman,51.8121781,-3.8677246
Brynamman,51.8112822,-3.868939
Brynmawr,51.7982408,-3.1740109
Buckfastleigh,50.4812526,-3.778102
Buckhaven,56.1710696,-3.0333966
Buckhurst Hill,51.6268617,0.0415283
Buckie,57.6762821,-2.9648973
Buckingham,51.9983175,-0.9786725
Buckley,53.1702261,-3.0799874
Bude,50.8285252,-4.5469361
Budleigh Salterton,50.6295855,-3.327179
Builth Wells,52.1493287,-3.4058015
Bulwell,53.0010853,-1.1971813
Bungay,52.4562248,1.4373413
Buntingford,51.94672,-0.0172746
Burford,51.8081927,-1.6358183
Burgess Hill,50.9575365,-0.1332853
Burgh Le Marsh,53.1620262,0.243838
Burnham-on-Crouch,51.6301754,0.8167808
Burnham-on-Sea,51.2377356,-2.998695
Burnley,53.7907262,-2.2439196
Burntisland,56.0635067,-3.2045572
Burntisland,56.0593631,-3.2330993
Burntwood,52.6791667,-1.9154621
Burry Port,51.6858178,-4.2502221
Burslem,53.0451032,-2.1961439
Burton Latimer,52.3638663,-0.6777104
Burton-on-Trent,52.802742,-1.629917
Bury,53.5927543,-2.2972827
Bury St Edmunds,52.2460367,0.7125173
Buxton,53.2590819,-1.9069434
Buxton,53.2593422,-1.9100768
Caernarfon,53.1394364,-4.2769751
Caerphilly,51.5714387,-3.2206579
Caerphilly,51.5745432,-3.2208487
Caister on Sea,52.6508309,1.72377
Caistor,53.4968872,-0.3153773
Caldicot,51.5912466,-2.7517629
Callander,56.2436941,-4.2148033
Callington,50.5025663,-4.3133635
Calne,51.437977,-2.0050911
Camberley,51.3392845,-0.7460981
Camborne,50.2138828,-5.2990347
Cambourne,52.2176239,-0.066744
Cambourne,52.219984,-0.0700777
Cambuslang,55.8191936,-4.1685904
Camden Town,51.5423045,-0.1395604
Camelford,50.6209791,-4.6803323
Campbeltown,55.4241858,-5.6051005
Cannock,52.688227,-2.0324197
Canvey Island,51.521881,0.5924599
Cardenden,56.1429378,-3.2599214
Carlton,52.9669396,-1.087857
Carluke,55.7343202,-3.8382548
Carmarthen,51.8591257,-4.3115907
Carnforth,54.1282092,-2.7701207
Carnoustie,56.5010506,-2.711403
Carrickfergus,54.7136165,-5.8073112
Carryduff,54.5184788,-5.8874586
Carshalton,51.3657883,-0.1610857
Carterton,51.7592426,-1.5944418
Castle Cary,51.088828,-2.5147985
Castle Douglas,54.9401001,-3.9305352
Castleford,53.722353,-1.3512543
Castlewellan,54.2574364,-5.9435178
Caterham,51.2819693,-0.0771032
Catford,51.4453215,-0.0197534
Catterick,54.3774754,-1.6314843
Catterick Garrison,54.3734961,-1.7209001
Chadderton,53.545462,-2.1378267
Chagford,50.6731365,-3.8402295
Chandler's Ford,50.9828402,-1.3833123
Chapel St Leonards,53.2253833,0.3377771
Chapel-en-le-Frith,53.3232509,-1.9148352
Chapelhall,55.8445286,-3.948302
Chard,50.8736728,-2.9597425
Charlbury,51.8726941,-1.4823897
Chatham,51.3819167,0.526559
Chatham,51.3658042,0.5335058
Chatteris,52.4549017,0.0504338
Cheadle,52.986696,-1.9899001
Cheadle,53.3936441,-2.2122068
Cheadle Hulme,53.370983,-2.1928018
Chelmsley Wood,52.4799114,-1.7392473
Cheltenham,51.8995685,-2.0711559
Chepstow,51.6409342,-2.6766946
Chertsey,51.3879119,-0.5025226
Chertsey,51.392296,-0.5038294
Chesham,51.7062914,-0.6123113
Cheshunt,51.702052,-0.0335908
Chester-le-Street,54.8543237,-1.5750431
Chester-le-Street,54.8520285,-1.5952466
Chesterfield,53.2352134,-1.4264097
Chickerell,50.6245176,-2.5036124
Chigwell,51.6228297,0.0805021
Chippenham,51.4587621,-2.1159032
Chipping Barnet,51.65309,-0.2002261
Chipping Campden,52.0496652,-1.7813927
Chipping Norton,51.9418212,-1.5455303
Chipping Ongar,51.7059503,0.2453417
Chipping Sodbury,51.5382179,-2.392653
Chirk,52.9320109,-3.056386
Chiswick,51.4923137,-0.263818
Chorley,53.6531915,-2.6294313
Christchurch,50.734902,-1.7778853
Chudleigh,50.6046345,-3.6004981
Chulmleigh,50.9126956,-3.869003
Church Stretton,52.5390725,-2.8077658
Cinderford,51.8244586,-2.4984934
Cirencester,51.7171029,-1.9661616
Clackmannan,56.1073437,-3.7523464
Clacton-on-Sea,51.7883997,1.1527865
Clare,52.0793283,0.5820634
Clarkston,55.7892557,-4.2762355
Clay Cross,53.1652765,-1.4132383
Clayton-le-Moors,53.7734032,-2.3892947
Cleator Moor,54.5196048,-3.5101569
Cleckheaton,53.7264346,-1.7140939
Cleethorpes,53.5572068,-0.0289969
Cleobury Mortimer,52.3789643,-2.4813544
Clevedon,51.4360625,-2.8526531
Cleveleys,53.8781587,-3.0428798
Clitheroe,53.8717465,-2.3926783
Clowne,53.276098,-1.2623326
Clun,52.4211807,-3.0300584
Clydach,51.6964314,-3.8916304
Clydebank,55.902607,-4.4039569
Coalisland,54.5394657,-6.7004879
Coalville,52.7257981,-1.3741375
Coatbridge,55.8622848,-4.0273166
Cobham,51.3314088,-0.4136127
Cobham,51.3300079,-0.4120821
Cockenzie and Port Seton,55.9706083,-2.9576975
Cockermouth,54.6614392,-3.3590111
Coggeshall,51.8754972,0.6863699
Colburn,54.3793525,-1.685757
Coldstream,55.6511811,-2.252957
Coleford,51.7940629,-2.6172688
Coleraine,55.1315912,-6.671861
Coleshill,52.4986469,-1.706679
Colne,53.8567728,-2.1691238
Colwyn Bay,53.2953269,-3.7262534
Colyton,50.7405628,-3.0701242
Comber,54.5498342,-5.7454313
Congleton,53.1635322,-2.2108035
Coningsby,53.1056488,-0.1746758
Conisbrough,53.4810181,-1.2327396
Connah's Quay,53.2199037,-3.0661782
Consett,54.854052,-1.8416498
Consett,54.8518781,-1.8333741
Conwy,53.2811822,-3.8287012
Cookstown,54.6436734,-6.7416008
Corbridge,54.9740218,-2.0175509
Corby,52.4877341,-0.7032713
Corsham,51.4303211,-2.1869766
Corwen,52.9804731,-3.3731677
Coseley,52.5440905,-2.0879793
Cotgrave,52.9108868,-1.0375419
Coulsdon,51.3199716,-0.1393506
Coupar Angus,56.5455027,-3.2675791
Cowbridge,51.4616852,-3.4472705
Cowdenbeath,56.1110634,-3.3438843
Cowes,50.7633176,-1.2985186
Cradley Heath,52.4721362,-2.0836126
Craigavon,54.4507201,-6.3921622
Crail,56.2606771,-2.6267118
Cramlington,55.0855893,-1.59069
Cranbrook,50.7521003,-3.3981837
Cranbrook,51.0965459,0.5321089
Craven Arms,52.439652,-2.8356405
Crawley,51.1103444,-0.1801094
Crediton,50.7895868,-3.658963
Crewe,53.0996153,-2.4414627
Crewkerne,50.8842116,-2.7952478
Cricieth / Criccieth,52.9206106,-4.2332414
Crickhowell,51.859112,-3.138355
Cricklade,51.6414188,-1.8579414
Crieff,56.372717,-3.8397453
Cromarty,57.6807913,-4.0346487
Cromer,52.9311367,1.3012758
Crook,54.7133697,-1.7507423
Crook,54.7127896,-1.7517085
Crosby,53.4844386,-3.0291758
Crossmaglen,54.0765283,-6.6083126
Crowborough,51.0590028,0.1635863
Crowland,52.6757315,-0.1684056
Crowle,53.6078121,-0.832644
Croydon,51.3713049,-0.101957
Cudworth,53.5733843,-1.4196437
Cullen,57.6919685,-2.8242377
Cullompton,50.8579128,-3.392809
Cumbernauld,55.9477764,-3.9882568
Cumbernauld,55.9452508,-4.0028103
Cumnock,55.4540605,-4.2660965
Cupar,56.3193913,-3.0116545
Cwmbran,51.6474766,-3.0252232
Cwmbran,51.6536438,-3.0208217
Dalbeattie,54.9307016,-3.8200724
Dalgety Bay,56.0370788,-3.3548735
Dalkeith,55.8943361,-3.0700445
Dalmellington,55.3232537,-4.3970298
Dalry,55.7084782,-4.7200896
Dalton-in-Furness,54.1576246,-3.1794018
Darlaston,52.5733189,-2.0355619
Darley Dale,53.162269,-1.5896039
Darlington,54.5242081,-1.5555812
Dartford,51.4443059,0.21807
Dartmouth,50.3514839,-3.583844
Darvel,55.6097195,-4.2818359
Darwen,53.6960957,-2.4665093
Daventry,52.2578681,-1.1626569
Dawley,52.6638156,-2.4651923
Dawlish,50.5797391,-3.468931
Deal,51.2239544,1.4027344
Denbigh,53.1853776,-3.4178289
Denny,56.0237411,-3.9081978
Denton,53.4547745,-2.1153406
Dereham,52.6802052,0.9386329
Desborough,52.4413539,-0.812513
Devizes,51.3525027,-1.9958302
Dewsbury,53.6909103,-1.6302142
Didcot,51.6056908,-1.2467923
Dinas Powys,51.4334895,-3.213502
Dinas Powys,51.4299053,-3.2287188
Dingwall,57.5954797,-4.4284337
Dinnington,53.3692237,-1.2035179
Diss,52.3769148,1.1088804
Diss,52.3768512,1.1137246
Dolgellau,52.7426873,-3.8855673
Dollar,56.1628355,-3.6740886
Donaghadee,54.6425446,-5.5375794
Dorchester,50.7132064,-2.4371229
Dorchester,50.7116755,-2.4399608
Dorking,51.2325184,-0.3306724
Dorking,51.2294589,-0.3345976
Dornoch,57.8796955,-4.0278869
Dover,51.1251275,1.3134228
Dovercourt,51.9339114,1.2776636
Downham Market,52.6025943,0.3772655
Downpatrick,54.3279335,-5.71649
Driffield,54.0060463,-0.4388029
Droitwich Spa,52.26851,-2.1486075
Dromore,54.4152683,-6.1495064
Dronfield,53.3019998,-1.4752184
Droylsden,53.4786034,-2.1491964
Dudley,52.5110832,-2.0816813
Dufftown,57.4449043,-3.1283484
Dukinfield,53.4757748,-2.0930306
Dulverton,51.0401391,-3.5501607
Dumbarton,55.9432443,-4.5708479
Dumfries,55.0691397,-3.6107936
Dunbar,56.0021385,-2.5158237
Dunblane,56.1883108,-3.9640877
Dundonald,54.5947412,-5.8105342
Dungannon,54.5039088,-6.7703622
Dungiven,54.9266409,-6.9236545
Dunkeld,56.5655711,-3.5862546
Dunoon,55.9470831,-4.924916
Duns,55.777842,-2.3438476
Dunstable,51.8861316,-0.5209341
Dursley,51.6811933,-2.3551877
Ealing,51.5126553,-0.3051952
Earby,53.9160366,-2.1426716
Earl Shilton,52.5755022,-1.3160954
Earlestown,53.4518979,-2.6424988
Easingwold,54.1216415,-1.1928126
East Calder,55.8949215,-3.4642504
East Cowes,50.7594841,-1.2852106
East Finchley,51.5890823,-0.166091
East Grinstead,51.1322179,-0.0117661
East Kilbride,55.7601174,-4.1796401
Eastbourne,50.7664372,0.2781546
Eastleigh,50.9691736,-1.3517331
Eastwood,53.0171751,-1.30386
Ebbw Vale,51.7812925,-3.2084383
Eccles,53.4840887,-2.3375175
Eccleshall,52.858059,-2.2511202
Eckington,53.3089836,-1.3557936
Edenbridge,51.1958271,0.0639341
Edgware,51.6176443,-0.276739
Egham,51.4291693,-0.5493834
Egham,51.4312585,-0.5473085
Egremont,54.4838316,-3.5327921
Elderslie,55.8367907,-4.4840585
Elgin,57.6487891,-3.3148459
Elland,53.6856201,-1.83828
Ellesmere,52.9074234,-2.8938664
Ellesmere Port,53.2789347,-2.9022507
Ellon,57.365049,-2.0710305
Eltham,51.4505687,0.0541253
Emsworth,50.8475433,-0.9456134
Emsworth,50.8473211,-0.9371343
Enfield,51.6520851,-0.0810175
Enniskillen,54.3448538,-7.6389365
Epping,51.6982689,0.1102918
Epsom,51.3326098,-0.2678212
Epworth,53.5249277,-0.8201895
Erith,51.480819,0.1792322
Erskine,55.9042117,-4.4492326
Esher,51.3727279,-0.3648954
Esher,51.3693938,-0.365415
Eton,51.4885381,-0.6091736
Evesham,52.0940158,-1.9483083
Ewell,51.3502402,-0.2511759
Exmouth,50.6190962,-3.4146801
Eye,52.3226292,1.1463709
Eyemouth,55.8722469,-2.0893924
Failsworth,53.5078105,-2.1618643
Fairford,51.7079224,-1.7773034
Fakenham,52.829919,0.8477322
Falkirk,55.9991959,-3.784376
Falmouth,50.1552197,-5.0688262
Fareham,50.8526637,-1.1783134
Faringdon,51.654272,-1.5864251
Farnborough,51.2918693,-0.7539836
Farnham,51.2151749,-0.7984854
Farnworth,53.5485989,-2.3969984
Farsley,53.8143915,-1.6697743
Fauldhouse,55.8275611,-3.7071618
Faversham,51.3158434,0.8911283
Fazeley,52.6149491,-1.699458
Featherstone,53.6776918,-1.3582713
Felixstowe,51.9639098,1.3515106
Felixstowe,51.9645764,1.3367795
Felpham,50.7904582,-0.65412
Fenny Stratford,51.9984451,-0.7159614
Fenton,52.9989113,-2.1646654
Ferndown,50.8022391,-1.8905903
Ferryhill,54.6878678,-1.551036
Filey,54.2096884,-0.2888382
Filton,51.5117457,-2.5720005
Finedon,52.3391456,-0.6556148
Fishguard,51.9938353,-4.97681
Fleet,51.2809935,-0.8418324
Fleetwood,53.9246318,-3.0076372
Flint,53.2492828,-3.1345262
Flitwick,52.004324,-0.4937337
Folkestone,51.0791335,1.1794073
Foots Cray,51.4186732,0.1180187
Fordingbridge,50.926829,-1.7917011
Fordwich,51.2953653,1.1256168
Forfar,56.6526942,-2.8850511
Forfar,56.6443013,-2.888212
Formby,53.5563035,-3.0656565
Forres,57.609864,-3.613215
Fort William,56.8178285,-5.110974
Fortrose,57.5817836,-4.1305039
Fowey,50.3357786,-4.6365952
Framlingham,52.2220579,1.3415864
Fraserburgh,57.6935974,-2.0051497
Frimley,51.3140156,-0.7440667
Frimley,51.316102,-0.7396308
Frinton-on-Sea,51.8293064,1.2462138
Frodsham,53.2963636,-2.7114845
Frome,51.2309942,-2.3216633
Gainsborough,53.3995376,-0.7758801
Galashiels,55.6277019,-2.8063369
Galashiels,55.616418,-2.8070791
Galston,55.6004099,-4.3797457
Garforth,53.7904814,-1.392516
Garstang,53.9015756,-2.7734763
Gartcosh,55.888782,-4.0826367
Gateshead,54.9625789,-1.6019294
Gelli,51.6440878,-3.476644
Gelligaer,51.6640292,-3.2506937
Gerrards Cross,51.5878131,-0.5537126
Giffnock,55.8048318,-4.2946743
Gillingham,51.3728961,0.5868073
Gillingham,51.3871701,0.5461611
Gillingham,51.0385367,-2.2766784
Girvan,55.2413151,-4.8553579
Glastonbury,51.14804,-2.716577
Glenrothes,56.1961905,-3.1716324
Glossop,53.4433552,-1.9499173
Glynneath,51.7484124,-3.6169296
Godalming,51.1857892,-0.6149074
Godmanchester,52.3196134,-0.1747101
Golborne,53.4756118,-2.5994277
Gomersal,53.7330283,-1.6867746
Goole,53.7035625,-0.8715949
Gorebridge,55.843548,-3.0478409
Gorleston-on-Sea,52.5778559,1.7273353
Gorseinon,51.6693797,-4.0415918
Gosport,50.7952074,-1.1210853
Gourock,55.9620009,-4.8178728
Grange-over-Sands,54.1930633,-2.9094791
Grangemouth,56.0189027,-3.7230303
Grantham,52.913192,-0.6438974
Grantham,52.9097632,-0.644429
Grantown-on-Spey,57.3295089,-3.6104018
Gravesend,51.4297133,0.392323
Gravesend,51.4424747,0.3694468
Grays,51.4780898,0.3233131
Great Dunmow,51.8728198,0.3624014
Great Harwood,53.7867282,-2.4067502
Great Missenden,51.7046508,-0.7086592
Great Torrington,50.9520536,-4.1428753
Great Yarmouth,52.6071742,1.7314845
Greenock,55.9473423,-4.7564721
Greenwich,51.4820845,-0.0045417
Gretna,54.9953097,-3.0669404
Grimsby,53.5671407,-0.0788045
Grove Park,51.4318969,0.0212344
Guildford,51.2356068,-0.5732063
Guisborough,54.5359551,-1.051085
Guiseley,53.8748297,-1.707511
Haddington,55.9556144,-2.779317
Hadfield,53.4643526,-1.9701694
Hadfield,53.4629615,-1.9742534
Hadleigh,51.553924,0.6086965
Hadleigh,52.0441822,0.9542292
Hagley,52.4229627,-2.1416743
Hailsham,50.8648011,0.2578904
Halesowen,52.4492074,-2.0514646
Halesworth,52.3418147,1.5001649
Halewood,53.3602342,-2.8302659
Halifax,53.7229229,-1.8604874
Halstead,51.9438724,0.6382299
Haltwhistle,54.9705304,-2.4582171
Hamilton,55.7759095,-4.033442
Hampstead,51.55653,-0.1783011
Hanley,53.026111,-2.1754512
Harlech,52.8587665,-4.10745
Harleston,52.4017973,1.2990762
Harlow,51.7685568,0.0949036
Harpenden,51.8145103,-0.3549311
Harrogate,53.9921491,-1.5391039
Harrow,51.581091,-0.337475
Hartlepool,54.6857276,-1.2093696
Harwich,51.9445801,1.2898522
Harworth,53.4174461,-1.0761162
Haslemere,51.0876062,-0.7097768
Haslingden,53.7049596,-2.325692
Hastings,50.8553888,0.5824703
Hatfield,51.7634675,-0.2258741
Hatfield,53.5745642,-1.0052281
Hatherleigh,50.820154,-4.0723781
Havant,50.8519351,-0.9821263
Haverfordwest,51.8021275,-4.9684249
Haverhill,52.0832721,0.4353932
Hawes,54.3041258,-2.1965261
Hawick,55.422564,-2.7866951
Haxby,54.0175196,-1.0730544
Hay on Wye,52.0744595,-3.1243132
Hayle,50.1871402,-5.4178169
Haywards Heath,50.9999616,-0.1049747
Hazel Grove,53.3768486,-2.117817
Heanor,53.0145821,-1.3574966
Heathfield,50.9717443,0.2517025
Hebburn,54.9726376,-1.5173449
Hebden Bridge,53.7406425,-2.0092336
Heckmondwike,53.7074371,-1.6754499
Hedge End,50.9154346,-1.3071423
Hednesford,52.7113843,-2.0025384
Hedon,53.7410681,-0.2019029
Helensburgh,56.0033464,-4.7342935
Helmsley,54.246172,-1.0612597
Helston,50.1016731,-5.273032
Hemel Hempstead,51.7511784,-0.472528
Hemsworth,53.6131631,-1.36018
Henley-in-Arden,52.290713,-1.780685
Henley-on-Thames,51.5375786,-0.9050287
Herne Bay,51.3650396,1.1323778
Herne Bay,51.3719507,1.1306951
Hertford,51.7957409,-0.078521
Hessle,53.7231588,-0.4349309
Heswall,53.3283218,-3.1002176
Hetton-le-Hole,54.8212582,-1.4527957
Hexham,54.971478,-2.1017927
Heysham,54.0494955,-2.890311
Heywood,53.5967685,-2.2239715
High Bentham,54.118382,-2.5094187
High Wycombe,51.6297681,-0.7642614
High Wycombe,51.6317449,-0.75596
Higham Ferrers,52.3060303,-0.5923318
Highbridge,51.2200079,-2.9764141
Highcliffe-on-Sea,50.7422098,-1.6967624
Highworth,51.6321973,-1.7116658
Hinckley,52.5410591,-1.3729379
Hindley,53.5335298,-2.5778214
Hingham,52.5796849,0.9845613
Hitchin,51.9464129,-0.2791646
Hoddesdon,51.7616709,-0.0112898
Holbeach,52.80421,0.0180043
Holmfirth,53.5703517,-1.7870301
Holsworthy,50.8123783,-4.3526341
Holt,52.9054382,1.0928322
Holyhead,53.3106715,-4.6330966
Holytown,55.8212588,-3.9767761
Holywell,53.2714061,-3.2212991
Holywood,54.6404494,-5.8361723
Honiton,50.7981119,-3.1924599
Hook,51.2830718,-0.9593648
Horley,51.1716895,-0.1640754
Horncastle,53.2087265,-0.1169525
Hornsea,53.9134596,-0.1689412
Horsforth,53.8392125,-1.6399896
Horsham,51.0630273,-0.3295028
Horwich,53.5965362,-2.5409992
Houghton Regis,51.904659,-0.5198277
Houghton-le-Spring,54.8406536,-1.4699279
Hounslow,51.4686132,-0.3613471
Hove,50.8286917,-0.1745744
Howden,53.7473189,-0.8622549
Hoylake,53.3917719,-3.1783429
Hoyland,53.50065,-1.4380847
Hucknall,53.0383633,-1.2035443
Huddersfield,53.6466645,-1.7822482
Hugh Town,49.9145586,-6.3153609
Hungerford,51.4126079,-1.5167069
Hunstanton,52.9393841,0.4901743
Huntingdon,52.3305093,-0.1843514
Huntly,57.4474806,-2.7864246
Huyton,53.4114462,-2.8382486
Hyde,53.4508687,-2.0782603
Hythe,51.0691421,1.0841634
Hythe,50.8698489,-1.3982785
Ilford,51.5582734,0.0711669
Ilfracombe,51.2076674,-4.1254662
Ilkeston,52.970845,-1.3091628
Ilkley,53.9257254,-1.824441
Ilminster,50.9267192,-2.9102756
Immingham,53.6159963,-0.2136727
Ingatestone,51.6710667,0.3858842
Ingleby Barwick,54.5179869,-1.3178982
Innerleithen,55.6190744,-3.0633843
Inveraray,56.2303491,-5.0730947
Inverbervie,56.844524,-2.2806005
Invergordon,57.6884029,-4.1692103
Inverkeithing,56.0308767,-3.3977498
Inverkeithing,56.0353242,-3.3893384
Inverurie,57.2839493,-2.3742854
Ipswich,52.0579324,1.1528095
Irlam,53.4488075,-2.4223799
Irthlingborough,52.3261928,-0.6128414
Irvine,55.6143121,-4.6655591
Irvinestown,54.4720106,-7.6334809
Isleworth,51.4685202,-0.325966
Ivybridge,50.3918419,-3.9177668
Jarrow,54.9812514,-1.4908447
Jedburgh,55.4776435,-2.5553768
Johnstone,55.836517,-4.5122831
Kearsley,53.5401383,-2.3779588
Keighley,53.8684021,-1.9020456
Keith,57.5427292,-2.9523291
Kelso,55.5983788,-2.4338366
Kelty,56.1331961,-3.3797816
Kemnay,57.2348184,-2.4462028
Kempston,52.1192011,-0.4930154
Kendal,54.3289795,-2.747183
Kenilworth,52.3450526,-1.5816028
Kesgrave,52.0630898,1.2371279
Keswick,54.6009812,-3.1375822
Kettering,52.3994233,-0.728004
Keynsham,51.4149818,-2.5006001
Kidderminster,52.3880787,-2.2478582
Kidsgrove,53.08778,-2.2385489
Kidwelly,51.7363873,-4.3062309
Kidwelly,51.7362635,-4.3075848
Kilbirnie,55.7551369,-4.6854587
Kilkeel,54.0626664,-6.0059949
Killamarsh,53.3236263,-1.318428
Kilmarnock,55.6100589,-4.4964652
Kilsyth,55.9765389,-4.0559704
Kilwinning,55.6540048,-4.6992011
Kimberley,52.9980159,-1.2595297
Kincardine,56.0683954,-3.7184637
King's Lynn,52.7538673,0.3954774
Kinghorn,56.074914,-3.1819143
Kinghorn,56.0707374,-3.1742285
Kings Langley,51.7135573,-0.4503027
Kingsbridge,50.2848555,-3.7789738
Kingsbury,52.5644762,-1.6829673
Kingsteignton,50.549595,-3.5955735
Kingston upon Thames,51.4096275,-0.3062621
Kingswood,51.4627405,-2.5083916
Kington,52.2029156,-3.028878
Kingussie,57.0802761,-4.051164
Kinmel Bay,53.3119824,-3.5169166
Kinross,56.2033706,-3.4214864
Kintore,57.2369921,-2.3455269
Kippax,53.7701302,-1.3701581
Kirkby,53.4821071,-2.8886045
Kirkby Lonsdale,54.2018452,-2.5967366
Kirkby Stephen,54.4734508,-2.3485894
Kirkby-in-Ashfield,53.0999399,-1.2448512
Kirkby-in-Ashfield,53.1023216,-1.2381553
Kirkbymoorside,54.2705199,-0.9324661
Kirkcaldy,56.1110218,-3.1582296
Kirkcudbright,54.8352482,-4.0543927
Kirkham,53.7827278,-2.8714885
Kirkintilloch,55.9383914,-4.1549049
Kirkliston,55.9560901,-3.4019208
Kirkliston,55.9566808,-3.4033852
Kirkmuirhill,55.6661502,-3.9197243
Kirkwall,58.9816049,-2.960369
Kirriemuir,56.6731057,-3.0043927
Kirton in Lindsey,53.4763818,-0.58913
Knaresborough,54.0099825,-1.462186
Knighton,52.3443502,-3.0495618
Knottingley,53.7092062,-1.238314
Knutsford,53.3025402,-2.3716001
Lakenheath,52.4175635,0.5180418
Lampeter,52.1130523,-4.078761
Lanark,55.6736271,-3.7780361
Langholm,55.1505895,-2.9983313
Langley Mill,53.0206084,-1.3356727
Langport,51.0375727,-2.8280084
Larbert,56.021417,-3.8306342
Largs,55.7948829,-4.8695014
Larkhall,55.7401064,-3.9746052
Larne,54.8508458,-5.8183116
Laugharne,51.770035,-4.4647048
Launceston,50.6365062,-4.3604432
Laurencekirk,56.8323266,-2.4679922
Leatherhead,51.2995674,-0.32915
Leatherhead,51.2955038,-0.3293689
Lechlade,51.6944942,-1.6922057
Ledbury,52.0357457,-2.4287821
Lee,51.4566088,0.0115044
Lee-on-the-Solent,50.8015863,-1.197268
Leek,53.1057636,-2.0242837
Leigh,53.4960455,-2.5171495
Leigh on Sea,51.5421185,0.6474487
Leighton Buzzard,51.9165794,-0.6620551
Leiston,52.20648,1.5764329
Lennoxtown,55.9731494,-4.1992427
Lenzie,55.9219552,-4.1528178
Leominster,52.2273558,-2.7375333
Lerwick,60.1664591,-1.1726859
Lerwick,60.1531357,-1.1427296
Lesmahagow,55.6391875,-3.8865415
Letchworth,51.9767243,-0.2305199
Letchworth,51.9802078,-0.2254423
Leuchars,56.381411,-2.8838885
Leven,56.1954351,-2.99692
Lewes,50.8743662,0.009206
Lewes,50.8741265,0.0121129
Lewisham,51.4624292,-0.0101787
Leyburn,54.3105988,-1.8270091
Leyland,53.6904813,-2.6991336
Lightwater,51.3494743,-0.6701098
Lightwater,51.348844,-0.6762134
Limavady,55.0504857,-6.9505134
Linlithgow,55.977167,-3.6006234
Linslade,51.9170607,-0.6760072
Linwood,55.8481367,-4.4886461
Liskeard,50.4546303,-4.4644227
Lisnaskea,54.2519389,-7.4424577
Litherland,53.4720901,-2.995685
Littleborough,53.6410537,-2.0914019
Littlehampton,50.8095801,-0.5424424
Liversedge,53.7125328,-1.6942603
Livingston,55.8829582,-3.5175773
Llanberis,53.1212762,-4.1277481
Llandeilo,51.8853935,-3.9925144
Llandovery,51.9954586,-3.7977071
Llandrindod,52.2405222,-3.3793614
Llandudno,53.322475,-3.8243251
Llandudno Junction,53.2871333,-3.8105036
Llanelli,51.6797331,-4.1620223
Llanfairfechan,53.2531977,-3.9750615
Llangefni,53.2560986,-4.3114568
Llangollen,52.9694033,-3.1711111
Llanidloes,52.4482359,-3.5410891
Llanrwst,53.1415318,-3.7939311
Llantrisant,51.5412874,-3.3747857
Llantwit Major,51.4083212,-3.4857779
Llanwrtyd Wells,52.1044825,-3.6386676
Loanhead,55.8780811,-3.1487772
Lochgelly,56.1293219,-3.30984
Lochgilphead,56.0375069,-5.433147
Lochmaben,55.1288756,-3.441277
Lockerbie,55.1218578,-3.355237
Loddon,52.5349806,1.4817432
Loftus,54.5537038,-0.8852807
Long Eaton,52.8955894,-1.2721725
Long Eaton,52.8985715,-1.270813
Long Stratton,52.4878256,1.233093
Long Sutton,52.7855642,0.1217016
Longridge,53.8299124,-2.6033483
Longton,52.9888092,-2.1356561
Longtown,55.0091836,-2.9713566
Looe,50.3522702,-4.454196
Lossiemouth,57.7220766,-3.2814625
Lostwithiel,50.407478,-4.6678178
Loughborough,52.7723859,-1.2077985
Loughor,51.6654032,-4.0677598
Loughton,51.6467058,0.0544098
Louth,53.3675163,-0.0022381
Lowestoft,52.4766308,1.7537638
Ludgershall,51.256957,-1.6233744
Ludlow,52.3679896,-2.7193114
Lurgan,54.460824,-6.3292491
Lurgan,54.463176,-6.3384059
Luton,51.8784385,-0.4152837
Lutterworth,52.4552224,-1.1997815
Lydd,50.950968,0.9065381
Lydney,51.7259292,-2.5313485
Lyme Regis,50.7252897,-2.934559
Lymington,50.7583753,-1.5426885
Lymington,50.7592236,-1.542765
Lynton,51.2303241,-3.8379446
Lynton,51.2294185,-3.8365118
Lytham St Annes,53.7485046,-2.9990745
Mablethorpe,53.3408271,0.2606772
Mablethorpe,53.3381874,0.2600522
Macclesfield,53.2606635,-2.1255158
Macduff,57.6702105,-2.4944375
Machynlleth,52.5905191,-3.8518104
Madeley,52.6362494,-2.4502069
Maesteg,51.6088841,-3.6583848
Maghera,54.8448023,-6.6718648
Magherafelt,54.7544757,-6.6078073
Maghull,53.5176062,-2.9442553
Maidenhead,51.522743,-0.7197368
Maidstone,51.2748258,0.5231646
Maldon,51.731198,0.6791849
Malmesbury,51.58447,-2.0982042
Maltby,53.4235348,-1.1968457
Malton,54.1359924,-0.7986769
Malvern,52.1159559,-2.3258985
Manningtree,51.9450866,1.0630218
Mansfield,53.1443785,-1.1964165
Mansfield Woodhouse,53.1653803,-1.1918738
Marazion,50.1239321,-5.4727698
March,52.5505996,0.0880189
Margate,51.3878174,1.3819699
Margate,51.3806309,1.3884401
Market Bosworth,52.6239908,-1.4018137
Market Deeping,52.67537,-0.3174702
Market Drayton,52.9045385,-2.491841
Market Harborough,52.4777114,-0.9208575
Market Rasen,53.3879115,-0.3376729
Market Warsop,53.2052867,-1.1524572
Market Weighton,53.8643625,-0.6679698
Markinch,56.202957,-3.1324666
Marlborough,51.4209962,-1.728952
Marlow,51.5718706,-0.7769654
Marple,53.3930149,-2.0693132
Maryport,54.7129699,-3.4998108
Masham,54.2220086,-1.6564736
Matlock,53.1374514,-1.5544694
Mauchline,55.5159992,-4.3790696
Maybole,55.3550738,-4.6801392
Mayfield,55.8725932,-3.0393013
Melksham,51.3725919,-2.13743
Melrose,55.5975944,-2.7199682
Meltham,53.5918594,-1.8504515
Melton Mowbray,52.7645663,-0.8868896
Mengham,50.7879226,-0.97588
Mere,51.0894379,-2.2684427
Merthyr Tydfil,51.7455659,-3.3786082
Methil,56.1848771,-3.0132612
Mevagissey,50.2696687,-4.7872174
Mexborough,53.4937085,-1.2910027
Middleham,54.286721,-1.8049483
Middlesbrough,54.5510804,-1.2215825
Middlesbrough,54.5760419,-1.2344047
Middleton,53.5488758,-2.1993464
Middlewich,53.1927371,-2.4453171
Middleyard,51.7264577,-2.2647051
Midhurst,50.9841854,-0.74043
Midsomer Norton,51.2857477,-2.4771543
Mildenhall,52.3455998,0.5127653
Milford Haven,51.7117492,-5.0293161
Millom,54.2106855,-3.2719019
Millport,55.753958,-4.9239794
Milnrow,53.6082511,-2.1099476
Milnthorpe,54.2267255,-2.7721758
Minchinhampton,51.705283,-2.18725
Minehead,51.2057511,-3.4783542
Minster,51.4217412,0.8120475
Mirfield,53.673216,-1.6946052
Mitcheldean,51.864009,-2.4876975
Moffat,55.3332407,-3.444357
Moira,54.4792925,-6.2301652
Mold,53.1666274,-3.1414228
Molesey,51.4029006,-0.3713094
Molesey,51.4030979,-0.3660733
Monifieth,56.481792,-2.8180319
Monmouth,51.8098882,-2.7160441
Montgomery,52.562033,-3.1474836
Montrose,56.7114295,-2.4681544
Moodiesburn,55.9136347,-4.0844767
Morecambe,54.0721085,-2.8650938
Moreton,53.4009232,-3.1132336
Moreton-in-Marsh,51.9906413,-1.7023018
Moretonhampstead,50.6611666,-3.766749
Morley,53.7440745,-1.5988598
Morpeth,55.1675437,-1.6907444
Mossley,53.5130582,-2.0358291
Motherwell,55.7902072,-3.9920191
Mountain Ash,51.6821033,-3.3764418
Much Wenlock,52.5955951,-2.5578451
Muir of Ord,57.5176698,-4.4583927
Musselburgh,55.9421202,-3.0538516
Nailsea,51.4327135,-2.7629303
Nailsworth,51.6952392,-2.2185599
Nairn,57.5850133,-3.8681503
Nantwich,53.0671376,-2.5221184
Nantyglo,51.7894523,-3.172733
Narberth,51.7980075,-4.7428847
Neath,51.6628422,-3.8039117
Needham Market,52.1528468,1.0528347
Neilston,55.7846716,-4.4263461
Nelson,53.8363428,-2.2116469
Neston,53.2905172,-3.063792
Netherfield,52.9636874,-1.0783876
New Alresford,51.0895586,-1.1629772
New Cumnock,55.3941167,-4.1849737
New Ferry,53.3619442,-2.9943509
New Mills,53.365432,-2.0012794
New Milton,50.7531006,-1.6550682
New Romney,50.9851198,0.9426566
New Stevenston,55.8127811,-3.9777472
Newark on Trent,53.0761693,-0.8092339
Newarthill,55.8149158,-3.9376273
Newbridge,51.6653714,-3.1442293
Newbridge,51.6635566,-3.1211475
Newburgh,56.3510044,-3.237601
Newbury,51.4020243,-1.3242212
Newcastle,54.2118323,-5.8897216
Newcastle Emlyn,52.0369172,-4.4610179
Newcastle Emlyn,52.039014,-4.4689141
Newcastle-under-Lyme,53.0117627,-2.2273919
Newent,51.9308546,-2.4053991
Newhaven,50.7945315,0.0483875
Newmains,55.7828371,-3.8790785
Newmarket,52.2443103,0.4065503
Newmilns,55.6075216,-4.3244825
Newport,50.7003707,-1.2952039
Newport,52.7688594,-2.3783676
Newport,52.0162866,-4.8328962
Newport Pagnell,52.0863864,-0.7237341
Newport-on-Tay,56.4397014,-2.9416726
Newquay,50.4134414,-5.0848836
Newsham,55.1122294,-1.5298126
Newton Abbot,50.5296441,-3.6112097
Newton Aycliffe,54.6248952,-1.5798857
Newton Aycliffe,54.6218534,-1.5663624
Newton Mearns,55.7726726,-4.3342366
Newton Stewart,54.959045,-4.4836737
Newton-le-Willows,53.4530667,-2.6263483
Newtongrange,55.8664019,-3.0666188
Newtonhill,57.0321018,-2.1503377
Newtown,52.5135785,-3.314371
Newtownabbey,54.6778816,-5.9249199
Newtownards,54.5933779,-5.6960935
Neyland,51.7099976,-4.9511343
Normanton,53.6991226,-1.4194401
North Berwick,56.0581178,-2.7209129
North Hykeham,53.1870106,-0.5877503
North Petherton,51.0923469,-3.0151098
North Shields,55.0087655,-1.4471035
North Tawton,50.799633,-3.8955251
North Walsham,52.8213308,1.3861979
Northallerton,54.3404812,-1.4344936
Northam,51.0401128,-4.2135986
Northampton,52.2378853,-0.8963639
Northfleet,51.431408,0.3420477
Northfleet,51.4432937,0.3365303
Northleach,51.8299662,-1.8371843
Northolt,51.5465937,-0.369565
Northstowe,52.2870921,0.0552589
Northwich,53.2602539,-2.5145104
Norton-on-Derwent,54.1324141,-0.7854029
Nuneaton,52.5246182,-1.4684488
Oadby,52.5983121,-1.0810264
Oakengates,52.6952242,-2.4520711
Oakham,52.6696647,-0.7272731
Oban,56.4157137,-5.4731801
Okehampton,50.7376667,-4.000316
Oldbury,52.5039074,-2.0163917
Oldham,53.5415797,-2.1147831
Oldmeldrum,57.3350184,-2.319738
Ollerton,53.1994246,-1.023144
Olney,52.1539597,-0.7017409
Omagh,54.5992486,-7.3029907
Orford,52.0949765,1.5344399
Ormskirk,53.5673603,-2.8859603
Orpington,51.3796373,0.1053732
Ossett,53.6780539,-1.5765949
Oswaldtwistle,53.7407791,-2.3985152
Oswestry,52.8603096,-3.0548201
Otley,53.9055083,-1.6938874
Ottery St Mary,50.7512554,-3.2783818
Oundle,52.4808725,-0.4674161
Oxted,51.2566507,-0.0041977
Paddock Wood,51.1810484,0.3889964
Padiham,53.8003638,-2.3134052
Padstow,50.5403819,-4.9369874
Paignton,50.4377018,-3.5632704
Painswick,51.7857347,-2.1947188
Paisley,55.8455828,-4.4239646
Partington,53.4176692,-2.4297668
Patchway,51.534061,-2.5739537
Pateley Bridge,54.0870914,-1.7596404
Peacehaven,50.7962181,-0.0027387
Peebles,55.6517553,-3.1885456
Pembroke,51.6754422,-4.9144858
Pembroke Dock,51.693539,-4.9392016
Penarth,51.4307726,-3.181305
Penarth,51.4357312,-3.175096
Pencoed,51.524776,-3.5032631
Pendlebury,53.5161631,-2.3307066
Penicuik,55.827236,-3.2218145
Penistone,53.5247445,-1.6294343
Penkridge,52.7246633,-2.1127563
Penmaenmawr,53.2681395,-3.9200268
Penrith,54.6639133,-2.7522047
Penrith,54.6648316,-2.7496197
Penryn,50.1685457,-5.1034063
Penwortham,53.7498033,-2.7301703
Penzance,50.1194794,-5.5352463
Pershore,52.1096993,-2.0754758
Peterhead,57.5052909,-1.7813194
Peterlee,54.7618912,-1.3321519
Petersfield,51.0024945,-0.9392027
Petworth,50.9862857,-0.6101088
Pickering,54.2452377,-0.7793593
Pitlochry,56.701969,-3.7306846
Plympton,50.3898235,-4.0585654
Pocklington,53.9315681,-0.7761036
Polegate,50.8231619,0.245475
Polmont,55.9905901,-3.7074588
Pontardawe,51.7219859,-3.8488778
Pontarddulais,51.7150475,-4.0403783
Pontefract,53.6917422,-1.3105722
Ponteland,55.0498798,-1.7435142
Pontycymer,51.6088629,-3.5797523
Pontypool,51.7016878,-3.0405374
Pontypridd,51.5991574,-3.3230462
Pontypridd,51.6001047,-3.3449362
Poole,50.7179472,-1.981521
Port Glasgow,55.9342865,-4.689854
Port Talbot,51.5952353,-3.7824148
Portadown,54.4242284,-6.4412133
Porth,51.6124972,-3.4084092
Porthaethwy / Menai Bridge,53.2259347,-4.1631064
Porthcawl,51.4795563,-3.7040704
Porthleven,50.0849174,-5.3166558
Porthmadog,52.9256029,-4.129694
Portishead,51.4806882,-2.7768562
Portlethen,57.061466,-2.129707
Portree,57.4130532,-6.194446
Portrush,55.2060325,-6.6540486
Portslade by Sea,50.8329633,-0.2070213
Portstewart,55.1829096,-6.7187008
Potters Bar,51.6958889,-0.1848935
Poulton-le-Fylde,53.8461465,-2.9904844
Poynton,53.3492505,-2.1174396
Prescot,53.4275807,-2.8042467
Prestatyn,53.3345598,-3.4029487
Presteigne,52.2724167,-3.0059756
Prestonpans,55.9593948,-2.9842401
Prestwich,53.5304274,-2.2960186
Prestwick,55.4982802,-4.6113017
Princes Risborough,51.7221664,-0.8337605
Princetown,50.547066,-3.9935678
Prudhoe,54.9616395,-1.8510879
Pudsey,53.796585,-1.6629008
Pwllheli,52.8879082,-4.4187565
Pyle,51.5287966,-3.6932822
Radcliffe,53.5593382,-2.3261546
Radstock,51.2919489,-2.4476231
Rainham,51.3633052,0.6083609
Ramsbottom,53.648383,-2.315696
Ramsey,52.4494068,-0.1021136
Ramsgate,51.3334726,1.4196476
Randalstown,54.7498918,-6.3197638
Raunds,52.3422233,-0.5344753
Rawmarsh,53.4598936,-1.3376657
Rawtenstall,53.7012824,-2.2862723
Rayleigh,51.5884892,0.6012418
Reading,51.4564242,-0.9700664
Redcar,54.6179021,-1.0687914
Redditch,52.3057655,-1.9417444
Redhill,51.2404691,-0.1682816
Redruth,50.233989,-5.2276468
Reepham,52.7626491,1.1111114
Reigate,51.2376557,-0.2057067
Renfrew,55.8775733,-4.3888761
Retford,53.3231315,-0.9424879
Rhayader,52.2995285,-3.5099938
Rhyl,53.3207425,-3.4907258
Rhymney,51.7614493,-3.2869347
Richmond,54.403068,-1.7374542
Richmond,51.4613531,-0.3032767
Rickmansworth,51.6390009,-0.4718406
Ringwood,50.8469344,-1.7914166
Ripley,53.0515177,-1.4026311
Ripponden,53.6730133,-1.9425882
Risca,51.6119541,-3.0964817
Rishton,53.7676749,-2.4178321
Rochdale,53.6153659,-2.1557561
Rochester,51.3883811,0.504925
Rochester,51.3739593,0.4869222
Rochford,51.5838691,0.7056174
Romford,51.5760462,0.1822646
Romsey,50.9891396,-1.4999044
Ross-on-Wye,51.9140804,-2.5838357
Rosyth,56.0310886,-3.4340863
Rosyth,56.0388706,-3.4206538
Rothbury,55.309632,-1.9117293
Rotherham,53.4310417,-1.355187
Rothesay,55.8373085,-5.0522439
Rothwell,52.4225111,-0.7987301
Rothwell,53.7493842,-1.478151
Rowley Regis,52.4833326,-2.0674067
Royal Leamington Spa,52.2913394,-1.536404
Royal Tunbridge Wells,51.1371483,0.2673446
Royal Wootton Bassett,51.5441829,-1.8972078
Royston,53.5982976,-1.4569413
Royston,52.0472741,-0.0246467
Royton,53.5652485,-2.1236085
Rugby,52.3726682,-1.2620038
Rugeley,52.7589402,-1.9362042
Ruislip,51.5775626,-0.4278453
Runcorn,53.3335299,-2.7085615
Runcorn,53.3421509,-2.7334941
Rushden,52.2911567,-0.5988177
Rutherglen,55.8283888,-4.2116533
Ruthin,53.1115513,-3.3052405
Ryde,50.7299865,-1.1603699
Rye,50.9511871,0.7327667
Ryton,54.9728332,-1.762692
Ryton,54.9722868,-1.7635525
Saffron Walden,52.021569,0.2411256
Saintfield,54.4603955,-5.8325813
Salcombe,50.2388158,-3.7726121
Sale,53.4244939,-2.318415
Saltash,50.4086702,-4.2112226
Saltburn by the Sea,54.5846769,-0.9740921
Saltcoats,55.6332429,-4.7887547
Sandbach,53.1439168,-2.3622625
Sandhurst,51.3434698,-0.7740001
Sandiacre,52.9232778,-1.2892153
Sandown,50.6530593,-1.1536287
Sandwich,51.2752527,1.3408309
Sandy,52.1292288,-0.2884193
Sanquhar,55.3676858,-3.9236766
Saundersfoot,51.7108868,-4.6997977
Sawbridgeworth,51.8153852,0.1485669
Saxilby,53.2709743,-0.6631923
Saxmundham,52.2142535,1.4918009
Scalloway,60.1371374,-1.275271
Scarborough,54.2820009,-0.4011868
Scone,56.4204776,-3.39916
Scunthorpe,53.5922488,-0.6450841
Seaford,50.7722834,0.1022911
Seaham,54.8372106,-1.3355612
Seaton,50.7045566,-3.0705105
Sedbergh,54.3235933,-2.5283641
Selby,53.784012,-1.0687806
Selkirk,55.5470714,-2.8415411
Selsey,50.7327781,-0.7922896
Settle,54.0690631,-2.2763604
Sevenoaks,51.2719654,0.1914386
Shaftesbury,51.0056195,-2.1955975
Shanklin,50.6288132,-1.1779031
Shaw,53.5782258,-2.0934969
Sheerness,51.4398236,0.7620398
Shefford,52.0384063,-0.3355203
Shepshed,52.7716439,-1.2901923
Shepton Mallet,51.1909451,-2.5461298
Sherborne,50.950265,-2.5179235
Sherburn in Elmet,53.7965525,-1.2499345
Sheringham,52.9438831,1.21262
Shifnal,52.6675866,-2.3729864
Shildon,54.6351323,-1.64795
Shipley,53.8321814,-1.7779777
Shipston-on-Stour,52.0630181,-1.6247264
Shirebrook,53.2063042,-1.2205319
Shirley,52.4112249,-1.8277304
Shoeburyness,51.5297377,0.7961979
Shoreham-by-Sea,50.8322307,-0.2746717
Shotton,53.2107285,-3.0371565
Shotts,55.8196688,-3.8073229
Shrewsbury,52.707755,-2.7540658
Sidcup,51.4264002,0.101044
Sidford,50.7018831,-3.2276337
Sidmouth,50.6790033,-3.237657
Silloth,54.8692401,-3.3869124
Sittingbourne,51.3397366,0.7342319
Skegness,53.1437506,0.3428958
Skelmersdale,53.5516715,-2.7773717
Skelmersdale,53.5524745,-2.7845229
Skelton-in-Cleveland,54.5611862,-0.9877809
Skipton,53.9618497,-2.0160287
Sleaford,52.99965,-0.4095586
Slough,51.5111014,-0.5940682
Smethwick,52.4968157,-1.9739174
Snaith,53.6922269,-1.0297093
Snodland,51.3296235,0.4426322
Soham,52.3333453,0.3387475
Solihull,52.4130189,-1.7768935
Somerton,51.0537141,-2.7315544
South Cave,53.7693676,-0.6022825
South Elmsall,53.5974902,-1.2810057
South Molton,51.0170696,-3.8330599
South Ockendon,51.5093771,0.2827942
South Queensferry,55.9902293,-3.3966999
South Queensferry,55.988443,-3.4044929
South Shields,54.9987414,-1.4321848
South Woodham Ferrers,51.6440357,0.6176655
Southall,51.5111461,-0.3755169
Southam,52.253094,-1.3884119
Southport,53.6475988,-3.0041751
Southwell,53.0782513,-0.9550786
Southwick,50.8345258,-0.2383308
Southwold,52.3260841,1.6793095
Sowerby Bridge,53.7097606,-1.9088241
Spalding,52.7865618,-0.1565429
Spalding,52.787641,-0.1526475
Spennymoor,54.699551,-1.601153
Spilsby,53.1734361,0.094623
St Andrews,56.3403902,-2.7955844
St Austell,50.338466,-4.7882104
St Blazey,50.3630055,-4.7156518
St Columb Major,50.434461,-4.9401617
St Helens,53.4486222,-2.7289404
St Helens,53.4535471,-2.7343231
St Ives,50.2149064,-5.4795083
St Ives,52.3239055,-0.0741991
St Just,50.1243845,-5.6797375
St Leonards,50.8557256,0.5480144
St Neots,52.2211634,-0.2603929
St Neots,52.22758,-0.2703789
St. Clears,51.8206559,-4.4946965
Stafford,52.8063157,-2.1163818
Staines-upon-Thames,51.4257868,-0.5017166
Staines-upon-Thames,51.434012,-0.511044
Stainforth,53.5960361,-1.0279463
Stalbridge,50.9591163,-2.3761683
Stalham,52.7718428,1.5151178
Stalybridge,53.4840214,-2.0562536
Stamford,52.6519973,-0.4804579
Stanford-le-Hope,51.5138172,0.4252037
Stanhope,54.7487932,-2.009305
Stanley,53.7132,-1.4745
Stanley,54.8722855,-1.6963315
Stapleford,52.9326554,-1.2683089
Stapleford,52.9293948,-1.2740443
Staveley,53.2683482,-1.3495224
Stenhousemuir,56.0258265,-3.8163132
Stepps,55.8908967,-4.1459802
Stevenage,51.9016663,-0.2027155
Stevenston,55.6405878,-4.756814
Stewarton,55.680265,-4.5153023
Steyning,50.8902203,-0.3302184
Ste√≤rnabhagh,58.2084053,-6.3881174
Stockbridge,51.1140854,-1.4929702
Stockport,53.407901,-2.160243
Stocksbridge,53.4824835,-1.5901625
Stockton-on-Tees,54.5683924,-1.3258143
Stockton-on-Tees,54.564094,-1.3129164
Stoke,53.0033589,-2.1846918
Stokesley,54.470288,-1.1908224
Stone,52.9033037,-2.1477653
Stonehaven,56.9640234,-2.2087993
Stonehouse,51.7474678,-2.283024
Stonehouse,55.6982283,-3.9813873
Stony Stratford,52.0567532,-0.8525831
Storrington,50.9184454,-0.45555
Stourbridge,52.4577615,-2.1474345
Stourport-on-Severn,52.339638,-2.2811646
Stow-on-the-Wold,51.9303426,-1.7230154
Stowmarket,52.1878147,0.9973428
Strabane,54.826115,-7.4627993
Stranraer,54.9044332,-5.026204
Stratford-upon-Avon,52.1927803,-1.70634
Strathaven,55.676514,-4.0658238
Stratton,50.8310785,-4.5128919
Stretford,53.445428,-2.3223051
Stromness,58.9614356,-3.2993767
Strood,51.3958567,0.4950799
Strood,51.3930681,0.4765578
Stroud,51.745424,-2.2198605
Stubbington,50.8236734,-1.2252707
Stubbington,50.8259273,-1.2139229
Sturminster Newton,50.9273968,-2.3049206
Sudbury,52.0401524,0.7299495
Sunbury-on-Thames,51.4077066,-0.4118589
Sunbury-on-Thames,51.4092119,-0.4070898
Sutton,51.3612155,-0.1921503
Sutton Coldfield,52.5591012,-1.8102506
Sutton Coldfield,52.5623089,-1.8239794
Sutton in Ashfield,53.1410467,-1.2736576
Sutton-in-Ashfield,53.1252091,-1.2608279
Sutton-on-Sea,53.3134339,0.2809461
Swadlincote,52.7736624,-1.5575555
Swaffham,52.6481171,0.6909259
Swanage,50.6086976,-1.9571971
Swanley,51.3963045,0.1714271
Swindon,51.5615327,-1.7854322
Swinton,53.5095363,-2.3417975
Swinton,53.4865039,-1.3257893
Sydenham,51.4267658,-0.0523877
Syston,52.6992489,-1.0729753
Tadcaster,53.8852975,-1.2595975
Tadley,51.3528356,-1.140092
Tain,57.8119372,-4.0550663
Tamworth,52.6345819,-1.6948438
Taunton,51.0147895,-3.1029086
Tavistock,50.5496154,-4.1446358
Tayport,56.4490878,-2.8807193
Teddington,51.4277844,-0.333653
Teignmouth,50.5463385,-3.4957798
Telford,52.6780419,-2.4514273
Tenbury Wells,52.3085197,-2.5974349
Tenby,51.6726128,-4.7050443
Tenterden,51.0700956,0.6888267
Tetbury,51.639272,-2.1594783
Tewkesbury,51.9937857,-2.1549574
Thame,51.7482733,-0.9781805
Thatcham,51.4024177,-1.257412
Thetford,52.4156001,0.748712
Thirsk,54.2327725,-1.3423775
Thornaby-on-Tees,54.5401012,-1.2935896
Thornbury,51.6078094,-2.5254942
Thorne,53.6106824,-0.9641152
Thornhill,55.2406579,-3.7649206
Thornliebank,55.8072481,-4.316711
Thornton,53.8759203,-3.0121987
Thrapston,52.3968605,-0.5368916
Thurnscoe,53.5452474,-1.3080234
Thurso,58.5947443,-3.520577
Thurso,58.5931449,-3.5280419
Tickhill,53.4329675,-1.1092191
Tidworth,51.2447456,-1.6638893
Tilbury,51.4631174,0.3643896
Tillicoultry,56.1531387,-3.7414782
Tipton,52.5290396,-2.0693747
Tiverton,50.9025623,-3.4875797
Tobermory,56.6227872,-6.0682243
Tobermory,56.6222049,-6.0705312
Todmorden,53.7137251,-2.097753
Tonbridge,51.1889529,0.2735876
Tonypandy,51.6246695,-3.4595279
Tonyrefail,51.5832675,-3.4311743
Tooting,51.4278214,-0.1679667
Topsham,50.6850732,-3.4658063
Torpoint,50.3757288,-4.1991204
Torquay,50.4652392,-3.5211361
Totnes,50.4322816,-3.6871525
Totton,50.9246282,-1.5003348
Totton,50.9196406,-1.4894631
Towcester,52.132756,-0.9894811
Tranent,55.9444972,-2.9534938
Tredegar,51.7732557,-3.2469535
Treharris,51.6649488,-3.3058374
Treorchy,51.6610568,-3.5041501
Tring,51.7940357,-0.6609205
Troon,55.5437893,-4.663906
Trowbridge,51.3191947,-2.2040788
Tullibody,56.135243,-3.8361189
Tunstall,53.0585531,-2.2102277
Turriff,57.537482,-2.4640839
Tuxford,53.2310744,-0.8985265
Twickenham,51.4467444,-0.3281887
Tyldesley,53.5144859,-2.4661714
Tynemouth,55.0177847,-1.4256042
Tywyn,52.5861123,-4.0855906
Uckfield,50.9709535,0.0963279
Uddingston,55.8189907,-4.0821743
Ullapool,57.8978237,-5.1586647
Ulverston,54.1959381,-3.0962961
Uppingham,52.5887243,-0.7234249
Upton-upon-Severn,52.0611191,-2.2151396
Urmston,53.4453662,-2.3525463
Usk,51.7045076,-2.9026437
Uttoxeter,52.8980321,-1.8649214
Uxbridge,51.5449509,-0.4816672
Ventnor,50.594976,-1.2029747
Verwood,50.8801244,-1.8752368
Viewpark,55.8260244,-4.0606131
Wadebridge,50.5171441,-4.8340186
Wainfleet All Saints,53.1074468,0.2369499
Walkden,53.5242276,-2.3984426
Wallasey,53.4241208,-3.0394101
Wallingford,51.5982886,-1.1251402
Wallsend,54.9911912,-1.5342042
Walsall,52.5847949,-1.9822687
Waltham Cross,51.6857829,-0.0330001
Walthamstow,51.5844701,-0.0188186
Walton-on-Thames,51.3852242,-0.4175154
Walton-on-Thames,51.3856837,-0.419814
Walton-on-the-Naze,51.848357,1.2725902
Wantage,51.5878072,-1.4249258
Ware,51.8103288,-0.0328751
Wareham,50.6868972,-2.1098377
Waringstown,54.433497,-6.2990805
Warley,52.48105,-1.9902641
Warlingham,51.309559,-0.0557157
Warminster,51.205366,-2.1831682
Warrenpoint,54.0999923,-6.2512827
Warrington,53.3899497,-2.5943178
Warwick,52.2814519,-1.5815742
Washington,54.898614,-1.528827
Washington,54.9033595,-1.5209582
Watchet,51.179924,-3.3306406
Waterlooville,50.8797911,-1.0314789
Waterlooville,50.8854318,-1.0227256
Watford,51.6553875,-0.3957425
Wath upon Dearne,53.5025235,-1.3450651
Watlington,51.6451586,-1.0043458
Watton,52.5699185,0.8253494
Wednesbury,52.5521806,-2.0224441
Wednesfield,52.5998276,-2.0813004
Wellesbourne,52.1947964,-1.5911203
Wellingborough,52.30189,-0.6937309
Wellington,50.978376,-3.2275504
Wellington,52.7000357,-2.5176603
Wells-next-the-Sea,52.9549725,0.8515402
Welshpool,52.6600742,-3.1474212
Welwyn Garden City,51.8031083,-0.2068872
Wem,52.8556312,-2.7241167
Wembley,51.5531547,-0.2957562
Wendover,51.7676884,-0.7443215
West Bridgford,52.9310754,-1.1256663
West Bromwich,52.5186579,-1.9923114
West Kilbride,55.6947934,-4.8572629
West Kirby,53.3733229,-3.1865608
West Malling,51.2954028,0.409461
West Mersea,51.7769754,0.917361
Westbury,51.261079,-2.1836535
Westerham,51.2671155,0.0706133
Westgate-on-Sea,51.3815773,1.3372108
Westhill,57.1536455,-2.2799019
Westhill,57.1545513,-2.290026
Westhoughton,53.5467284,-2.5140002
Westhoughton,53.5502444,-2.522608
Weston-super-Mare,51.3471927,-2.9778916
Wetherby,53.928397,-1.3866664
Weybridge,51.3712068,-0.4554126
Weybridge,51.3727175,-0.4549297
Weymouth,50.6096257,-2.4543424
Whaley Bridge,53.3300532,-1.9834471
Whickham,54.9458464,-1.6761605
Whiston,53.4169156,-2.7905803
Whitburn,55.8667819,-3.6849014
Whitby,54.4874141,-0.6155111
Whitchurch,52.969273,-2.6839528
Whitchurch,51.2298963,-1.3384328
Whitefield,53.5533682,-2.2969019
Whitehaven,54.5474199,-3.5885335
Whitland,51.8192789,-4.6145305
Whitley Bay,55.0422091,-1.4454353
Whitstable,51.3606286,1.0240626
Whitstable,51.353082,1.0334004
Whittlesey,52.5550114,-0.122643
Whitworth,53.6644268,-2.1734056
Wick,58.4425516,-3.0915827
Wickford,51.6113905,0.5244419
Widnes,53.3646888,-2.7283328
Widnes,53.36904,-2.7547197
Wigan,53.5457188,-2.6264624
Wigston,52.586288,-1.1059076
Wigton,54.8246802,-3.1610942
Wigtown,54.8687022,-4.4415694
Willenhall,52.5847624,-2.0534738
Willesden,51.5466216,-0.2358661
Wilmslow,53.3261292,-2.2327511
Wilton,51.0805315,-1.8607051
Wimbledon,51.4214787,-0.2064027
Wimborne Minster,50.7995189,-1.987339
Wincanton,51.0560417,-2.4112309
Winchburgh,55.9601601,-3.4664354
Winchcombe,51.9529872,-1.9654862
Winchelsea,50.9243896,0.7086362
Windermere,54.3794828,-2.9061994
Windsor,51.4800285,-0.6125716
Windsor,51.4696608,-0.6195704
Winsford,53.1920711,-2.5313108
Winslow,51.9444134,-0.8816234
Winterton,53.6549545,-0.5979698
Wirksworth,53.0821999,-1.5732089
Wisbech,52.6651733,0.1606824
Wishaw,55.7743458,-3.9184134
Witham,51.8019608,0.6383746
Withernsea,53.7292374,0.0332759
Witney,51.7838848,-1.4852861
Wiveliscombe,51.042145,-3.3100475
Wivenhoe,51.8555328,0.9591846
Woburn Sands,52.0119912,-0.6472881
Woking,51.3201891,-0.5564726
Wokingham,51.4120318,-0.8324037
Wolverton,52.060942,-0.8118554
Wombwell,53.5209656,-1.4032589
Wood Green,51.5972054,-0.1099585
Woodbridge,52.0941323,1.3199383
Woodhall Spa,53.1519386,-0.2180445
Woodley,51.4530441,-0.9046899
Woodstock,51.8474887,-1.3545343
Wooler,55.5458505,-2.0147556
Woolwich,51.4826696,0.0623335
Workington,54.6415716,-3.5459287
Worksop,53.3042362,-1.1246168
Worsley,53.4999331,-2.3783778
Worthing,50.8115402,-0.3699697
Wotton-under-Edge,51.6378241,-2.3547251
Wragby,53.287009,-0.3035517
Wymondham,52.5764773,1.117928
Wythenshawe,53.3803596,-2.2632079
Y Bala,52.9112205,-3.59947
Yarm,54.5091419,-1.3543412
Yarmouth,50.7055054,-1.4986357
Yate,51.5403113,-2.4134281
Yateley,51.3402325,-0.8285766
Yaxley,52.5188785,-0.2530088
Yeadon,53.8636612,-1.6850787
Yeovil,50.9420451,-2.6318629
Ystrad Mynach,51.6376565,-3.239565
Ystrad Mynach,51.6418098,-3.2373987
Ystradgynlais,51.777311,-3.758499
,51.3310451,-0.2633607
,54.8966355,-1.5753009
,54.8317802,-7.4883476
,54.1819354,-7.2359313
,54.8317802,-7.4883476
,54.1819354,-7.2359313
,52.4593147,-1.2195888
